{
  "systems/autoCaption/remotion.config.ts": 1774595238.3123395,
  "systems/autoCaption/tests/setup.ts": 1774595238.3158712,
  "systems/autoCaption/tests/render.test.ts": 1774595238.3156607,
  "systems/autoCaption/tests/cli.test.ts": 1774595238.3153813,
  "systems/autoCaption/tests/captions.test.ts": 1774595238.3148403,
  "systems/autoCaption/tests/transcribe.test.ts": 1774595238.316078,
  "systems/autoCaption/src/transcribe.ts": 1774632291.9405913,
  "systems/autoCaption/src/cli.ts": 1774595238.3133938,
  "systems/autoCaption/src/render.ts": 1774595238.3143566,
  "systems/autoCaption/src/config.ts": 1774595238.3141549,
  "systems/autoCaption/src/captions/CaptionOverlay.tsx": 1774595238.3127234,
  "systems/autoCaption/src/captions/CaptionPage.tsx": 1774595238.3129048,
  "systems/autoCaption/src/compositions/Root.tsx": 1774595238.3138597,
  "systems/autoCaption/src/compositions/CaptionedVideo.tsx": 1774595238.313682,
  "systems/pinboard/demo/src/Main.tsx": 1774595380.4637988,
  "systems/pinboard/demo/src/Root.tsx": 1774595380.4644868,
  "systems/pinboard/demo/src/index.ts": 1774595380.464879,
  "systems/pinboard/demo/src/theme.ts": 1774595380.4766536,
  "systems/pinboard/demo/src/scenes/TaggingScene.tsx": 1774595380.469998,
  "systems/pinboard/demo/src/scenes/MultiModelScene.tsx": 1774595380.468706,
  "systems/pinboard/demo/src/scenes/HistoryScene.tsx": 1774595380.4674644,
  "systems/pinboard/demo/src/scenes/GenerationScene.tsx": 1774595380.4667304,
  "systems/pinboard/demo/src/scenes/ClosingScene.tsx": 1774595380.465917,
  "systems/pinboard/demo/src/scenes/TitleScene.tsx": 1774595380.47105,
  "systems/pinboard/demo/src/scenes/UploadScene.tsx": 1774595380.472489,
  "systems/pinboard/server/src/types.ts": 1774595380.4943025,
  "systems/pinboard/server/src/index.ts": 1774595380.4814591,
  "systems/pinboard/server/src/db.ts": 1774595380.4808245,
  "systems/pinboard/server/src/providers/base.ts": 1774595380.488993,
  "systems/pinboard/server/src/providers/fal.ts": 1774595380.4899073,
  "systems/pinboard/server/src/providers/google.ts": 1774595380.490497,
  "systems/pinboard/server/src/providers/registry.ts": 1774595380.490854,
  "systems/pinboard/server/src/routes/images.ts": 1774595380.493195,
  "systems/pinboard/server/src/routes/generate.ts": 1774595380.4926229,
  "systems/pinboard/server/src/routes/models.ts": 1774595380.4935343,
  "systems/pinboard/client/tailwind.config.js": 1774595380.3414505,
  "systems/pinboard/client/vite.config.ts": 1774595380.3433287,
  "systems/pinboard/client/postcss.config.js": 1774595380.3205202,
  "systems/pinboard/client/src/App.tsx": 1774595380.322068,
  "systems/pinboard/client/src/main.tsx": 1774595380.3382473,
  "systems/pinboard/client/src/vite-env.d.ts": 1774595380.340982,
  "systems/pinboard/client/src/types/index.ts": 1774595380.3402786,
  "systems/pinboard/client/src/components/GeneratedImage.tsx": 1774595380.324999,
  "systems/pinboard/client/src/components/ImageUploader.tsx": 1774595380.3266888,
  "systems/pinboard/client/src/components/ReferenceGallery.tsx": 1774595380.3340845,
  "systems/pinboard/client/src/components/ActionBar.tsx": 1774595380.324073,
  "systems/pinboard/client/src/components/ModelSelector.tsx": 1774595380.33161,
  "systems/pinboard/client/src/components/Layout.tsx": 1774595380.3287632,
  "systems/pinboard/client/src/components/PromptEditor.tsx": 1774595380.3330271,
  "systems/pinboard/client/src/components/GenerationHistory.tsx": 1774595380.325732,
  "systems/pinboard/client/src/hooks/useImageGeneration.ts": 1774595380.335178,
  "systems/pinboard/client/src/hooks/useReferenceImages.ts": 1774595380.3378513,
  "systems/pinboard/client/src/api/client.ts": 1774595380.3232,
  "systems/scene-board/src/index.ts": 1774595756.1274602,
  "systems/instagram-scrapper/src/browser-login.ts": 1775811087.2784479,
  "systems/instagram-scrapper/src/cli.ts": 1775810039.0540915,
  "systems/instagram-scrapper/src/instagram-api.ts": 1775810092.305713,
  "systems/instagram-scrapper/src/types.ts": 1775809825.5211103,
  "systems/instagram-scrapper/src/apify-scraper.ts": 1774817020.0294516,
  "systems/instagram-scrapper/src/session.ts": 1775809869.9104285,
  "systems/instagram-scrapper/src/url-parser.ts": 1774816965.034101,
  "systems/instagram-scrapper/src/index.ts": 1775810045.6498587,
  "systems/instagram-scrapper/src/scraper.ts": 1775810088.909327,
  "systems/instagram-scrapper/src/media-downloader.ts": 1775809944.2930758,
  "apps/server/src/types.ts": 1773263032.588059,
  "apps/server/src/index.ts": 1774632466.2578197,
  "apps/server/src/theme.ts": 1774632432.6059144,
  "apps/server/src/db.ts": 1774632309.9694254,
  "apps/client/tailwind.config.js": 1773263032.628722,
  "apps/client/vite.config.ts": 1773263032.624352,
  "apps/client/postcss.config.js": 1773263032.632951,
  "apps/client/src/main.ts": 1773263032.6413572,
  "apps/client/src/types.ts": 1773263032.6506398,
  "apps/client/src/config.ts": 1773263032.6458817,
  "apps/client/src/types/theme.ts": 1773263032.7178578,
  "apps/client/src/composables/useEventSearch.ts": 1774544121.4188845,
  "apps/client/src/composables/useHITLSubmit.ts": 1774544121.4194727,
  "apps/client/src/composables/useChartData.ts": 1773263032.6916425,
  "apps/client/src/composables/useThemes.ts": 1774632386.5848253,
  "apps/client/src/composables/useEventColors.ts": 1773263032.6929772,
  "apps/client/src/composables/useMediaQuery.ts": 1773263032.697778,
  "apps/client/src/composables/useWebSocket.ts": 1773263032.700199,
  "apps/client/src/composables/useEventEmojis.ts": 1773263032.694161,
  "apps/client/src/utils/chartRenderer.ts": 1773263032.708654,
  "apps/client/src/utils/formatters.ts": 1774544121.4207275,
  "CLAUDE.md": 1775904153.9179723,
  "specs/autocaption-terminal-app.md": 1774034068.1717262,
  "specs/pinboard-overhaul.md": 1773936785.0979166,
  "specs/adcelerate-v1-platform-upgrade.md": 1774417331.8497617,
  "specs/pinboard-image-generation-app.md": 1773933206.0621762,
  "docs/source-tree-analysis.md": 1774265016.2905135,
  "docs/integration-architecture.md": 1774265071.7616754,
  "docs/architecture.md": 1774264978.5977252,
  "docs/development-guide.md": 1774265043.1842163,
  "docs/index.md": 1774265145.9517267,
  "docs/component-inventory.md": 1774265101.4870584,
  "docs/project-overview.md": 1774264940.0323582,
  "templates/system/knowledge/history.md": 1774544121.4270658,
  "templates/system/knowledge/acceptance-criteria.md": 1774544121.4255917,
  "templates/system/knowledge/dependencies.md": 1774544121.4260798,
  "templates/system/knowledge/domain.md": 1774544121.426569,
  "templates/system/knowledge/index.md": 1774544121.4276006,
  "systems/autoCaption/README.md": 1774595238.3111076,
  "systems/pinboard/README.md": 1774595380.3177738,
  "systems/scene-board/clients/README.md": 1774641989.1041358,
  "systems/scene-board/clients/vindof/brand.md": 1774641994.3706124,
  "systems/scene-board/clients/vindof/storyboards/binocular-court-showcase-v2.md": 1774779149.1211426,
  "systems/scene-board/clients/vindof/storyboards/binocular-court-showcase-v3.md": 1774883491.6360834,
  "systems/scene-board/clients/vindof/storyboards/binocular-court-showcase-v4.md": 1774884884.392752,
  "systems/scene-board/clients/vindof/storyboards/binocular-court-showcase-v1.md": 1774681250.1486201,
  "systems/scene-board/clients/vindof/knowledge/visual-direction.md": 1774642034.6198947,
  "systems/scene-board/clients/vindof/knowledge/brand-positioning.md": 1774642015.5414917,
  "systems/scene-board/knowledge/scope.md": 1774865663.2152407,
  "systems/scene-board/knowledge/history.md": 1774865671.6015716,
  "systems/scene-board/knowledge/acceptance-criteria.md": 1774865684.649046,
  "systems/scene-board/knowledge/dependencies.md": 1774865667.8585725,
  "systems/scene-board/knowledge/domain.md": 1774865706.9626563,
  "systems/scene-board/knowledge/index.md": 1774865667.4214256,
  "systems/scene-board/templates/storyboard-template.md": 1774865665.1023016,